ID,Name,Department,Age,Marks
101,Aarav,CSE,20.0,85.0
102,Ananya,IT,21.0,91.0
103,Rohan,ECE,20.0,76.0
104,Priya,CSE,22.0,88.0
105,Rahul,ME,21.0,69.0
106,Sneha,IT,20.0,94.0
107,Vivek,CSE,21.0,73.0
108,Neha,ECE,22.0,81.0
109,Aditya,IT,20.0,87.0
110,Pooja,ME,21.0,78.0
111,Karan,CSE,22.0,92.0
112,Isha,IT,20.0,84.0
113,Arjun,ECE,21.0,71.0
114,Kavya,CSE,20.0,89.0
115,Manish,ME,22.0,65.0
116,Simran,IT,21.0,96.0
117,Yash,ECE,20.0,74.0
118,Riya,CSE,21.0,90.0
119,Sahil,IT,22.0,82.0
120,Meera,ME,20.0,77.0
121,Akash,CSE,21.0,86.0
122,Nikita,IT,20.0,93.0
123,Varun,ECE,22.0,68.0
124,Aditi,CSE,21.0,95.0
125,Ritesh,ME,20.0,72.0
126,Tanvi,IT,22.0,88.0
127,Mohit,ECE,21.0,79.0
128,Sakshi,CSE,20.0,83.0
129,Harsh,IT,21.0,75.0
130,Divya,ME,22.0,91.0
131,Nikhil,CSE,20.0,80.0
132,Pallavi,IT,21.0,89.0
133,Om,ECE,20.0,67.0
134,Shreya,CSE,22.0,97.0
135,Aman,ME,21.0,70.0
136,Komal,IT,20.0,85.0
137,Dev,ECE,21.0,73.0
138,Mansi,CSE,20.0,92.0
139,Raj,IT,22.0,81.0
140,Sonali,ME,21.0,76.0
141,Aarav,CSE,20.0,85.0
142,Ananya,IT,21.0,
143,Rohan,ECE,,76.0
144,Priya,CSE,22.0,
145,Rahul,,21.0,69.0
146,Sneha,IT,20.0,94.0
147,Vivek,CSE,21.0,73.0
148,Neha,ECE,22.0,81.0
149,Aditya,IT,20.0,87.0
150,Pooja,ME,21.0,78.0
